               epoch,      train/box_loss,      train/obj_loss,      train/cls_loss,   metrics/precision,      metrics/recall,     metrics/mAP_0.5,metrics/mAP_0.5:0.95,        val/box_loss,        val/obj_loss,        val/cls_loss,               x/lr0,               x/lr1,               x/lr2
                   0,            0.036407,            0.071953,            0.097374,            0.039457,            0.040974,            0.044911,            0.031535,            0.031851,            0.045847,            0.077104,              0.0721,              0.0031,              0.0031
                   1,            0.038969,            0.069688,            0.060826,             0.14659,              0.1555,             0.14901,            0.076747,            0.038475,            0.044907,            0.047309,            0.043279,           0.0062792,           0.0062792
                   2,            0.040804,            0.064826,             0.04284,             0.52573,             0.36497,             0.39978,             0.24861,            0.037467,            0.043195,            0.028469,            0.014437,           0.0094373,           0.0094373
                   3,             0.04156,             0.06394,            0.029046,             0.75328,             0.48093,              0.5507,             0.34427,            0.037652,            0.042303,            0.018471,            0.009901,            0.009901,            0.009901
                   4,            0.040171,            0.063549,            0.021513,             0.82153,             0.56418,             0.62647,             0.41092,            0.035421,             0.04225,            0.014199,            0.009901,            0.009901,            0.009901
                   5,             0.04013,            0.063596,            0.019899,             0.84188,             0.59907,             0.69178,             0.46435,            0.034664,            0.040615,            0.011633,            0.009868,            0.009868,            0.009868
                   6,            0.038472,            0.061103,            0.016173,             0.84674,             0.64517,              0.7448,             0.50309,            0.035057,            0.039847,           0.0098476,            0.009835,            0.009835,            0.009835
                   7,            0.038148,            0.062157,            0.015333,             0.88285,             0.67255,             0.77212,             0.53117,            0.033797,             0.03921,            0.008711,            0.009802,            0.009802,            0.009802
                   8,            0.038236,            0.058234,            0.013735,             0.87742,             0.70498,              0.8004,             0.54416,            0.033232,            0.039807,           0.0079021,            0.009769,            0.009769,            0.009769
                   9,            0.037154,            0.060795,            0.013242,             0.89484,             0.71891,             0.81169,             0.56441,             0.03219,            0.038074,           0.0072591,            0.009736,            0.009736,            0.009736
                  10,            0.037001,            0.061488,            0.012459,             0.87622,             0.75579,              0.8277,             0.57287,            0.032774,            0.037553,           0.0067346,            0.009703,            0.009703,            0.009703
                  11,            0.038058,            0.058993,            0.012111,             0.89947,             0.73703,             0.85137,             0.60086,            0.031355,            0.037699,           0.0065528,             0.00967,             0.00967,             0.00967
                  12,            0.035902,            0.057804,            0.011559,             0.87354,             0.78388,             0.86054,             0.59969,            0.031887,            0.036454,            0.006068,            0.009637,            0.009637,            0.009637
                  13,            0.036086,            0.059447,            0.010853,              0.8478,             0.81757,             0.86887,             0.60523,            0.030549,            0.035548,           0.0056797,            0.009604,            0.009604,            0.009604
                  14,            0.036279,            0.055889,            0.010717,              0.8961,             0.79144,             0.86877,             0.62154,            0.030817,            0.034853,           0.0054189,            0.009571,            0.009571,            0.009571
                  15,            0.035537,            0.059764,            0.010622,             0.86868,             0.82585,             0.87304,             0.62196,            0.031397,            0.034466,           0.0050214,            0.009538,            0.009538,            0.009538
                  16,             0.03566,            0.057066,            0.010398,               0.879,             0.80867,             0.88305,             0.59773,            0.032269,             0.03521,           0.0048797,            0.009505,            0.009505,            0.009505
                  17,            0.036022,            0.055018,           0.0097927,             0.88058,             0.82633,             0.88167,             0.61981,            0.031155,            0.034587,           0.0048587,            0.009472,            0.009472,            0.009472
                  18,            0.035263,            0.055583,           0.0097043,             0.90183,             0.83971,             0.89205,             0.62142,            0.030273,            0.033962,           0.0045222,            0.009439,            0.009439,            0.009439
                  19,            0.035472,             0.05658,           0.0093875,             0.90206,             0.82787,             0.88807,             0.61216,            0.031624,            0.034239,           0.0045813,            0.009406,            0.009406,            0.009406
                  20,             0.03532,            0.055109,           0.0091035,             0.89833,              0.8445,             0.90515,             0.65243,             0.02868,            0.032738,           0.0043472,            0.009373,            0.009373,            0.009373
                  21,            0.035129,            0.056049,           0.0096971,             0.90696,             0.83979,             0.90873,             0.65253,            0.030154,            0.033065,           0.0041782,             0.00934,             0.00934,             0.00934
                  22,            0.034717,            0.056163,            0.009313,             0.91506,             0.85046,             0.91649,             0.65562,            0.029332,            0.032543,           0.0040305,            0.009307,            0.009307,            0.009307
                  23,            0.033708,            0.052124,           0.0087972,             0.91998,             0.86029,             0.92075,             0.65908,            0.029434,            0.031875,           0.0038689,            0.009274,            0.009274,            0.009274
                  24,            0.034735,            0.054953,           0.0091328,              0.9225,             0.87006,              0.9288,             0.68179,            0.028106,            0.031143,           0.0038193,            0.009241,            0.009241,            0.009241
                  25,            0.033978,            0.052342,            0.008566,             0.91439,              0.8694,             0.92618,             0.66367,            0.029528,            0.031804,           0.0037196,            0.009208,            0.009208,            0.009208
                  26,              0.0337,            0.051043,           0.0082611,             0.90025,             0.88587,             0.92324,             0.66269,             0.02862,            0.031786,            0.003911,            0.009175,            0.009175,            0.009175
                  27,            0.033532,            0.053374,           0.0084824,             0.93056,             0.86898,             0.93002,             0.67985,            0.028085,            0.031486,           0.0036372,            0.009142,            0.009142,            0.009142
                  28,            0.033533,            0.053988,           0.0081402,             0.91393,             0.87565,             0.92824,             0.65003,            0.030235,            0.031661,           0.0035562,            0.009109,            0.009109,            0.009109
                  29,            0.033818,            0.048853,           0.0078573,             0.93428,             0.86189,             0.92899,             0.66306,            0.027939,            0.030958,           0.0036906,            0.009076,            0.009076,            0.009076
                  30,             0.03359,            0.051967,           0.0080074,             0.92145,             0.86543,             0.92252,             0.66248,            0.029024,            0.030988,           0.0035281,            0.009043,            0.009043,            0.009043
                  31,            0.033793,            0.053748,           0.0080311,             0.93247,             0.89024,             0.94046,             0.67236,             0.02719,            0.030506,           0.0036019,             0.00901,             0.00901,             0.00901
                  32,            0.032801,            0.051123,           0.0077348,             0.93522,               0.888,             0.94471,             0.68729,            0.027571,            0.030213,           0.0034145,            0.008977,            0.008977,            0.008977
                  33,            0.032519,            0.051734,            0.007767,             0.90417,             0.90251,             0.94452,              0.6936,            0.027939,            0.030389,            0.003418,            0.008944,            0.008944,            0.008944
                  34,            0.034025,            0.054585,            0.007965,             0.92758,             0.89661,             0.94072,             0.68787,            0.027064,            0.030216,           0.0033476,            0.008911,            0.008911,            0.008911
                  35,            0.032366,            0.052937,           0.0075972,              0.9343,             0.89735,             0.94319,             0.69525,            0.027401,            0.030105,           0.0033177,            0.008878,            0.008878,            0.008878
                  36,            0.032694,             0.05041,           0.0075616,             0.92111,             0.88945,             0.93593,             0.67564,             0.02799,            0.029843,           0.0033249,            0.008845,            0.008845,            0.008845
                  37,             0.03246,            0.051747,           0.0082373,             0.92285,             0.89463,             0.94284,             0.70613,             0.02675,            0.030063,           0.0032795,            0.008812,            0.008812,            0.008812
                  38,            0.032867,            0.052053,           0.0076206,             0.93837,             0.90796,             0.94798,             0.69787,             0.02644,            0.029828,           0.0033494,            0.008779,            0.008779,            0.008779
                  39,            0.032479,            0.051391,           0.0074429,             0.94413,             0.90518,             0.95226,             0.70889,            0.026115,            0.029175,           0.0032912,            0.008746,            0.008746,            0.008746
                  40,             0.03197,            0.049066,           0.0077766,             0.94744,             0.90229,              0.9495,             0.70607,            0.026235,            0.029286,           0.0032496,            0.008713,            0.008713,            0.008713
                  41,            0.032242,            0.048758,           0.0071324,             0.92133,             0.88778,              0.9405,             0.69155,            0.026634,             0.02892,            0.003248,             0.00868,             0.00868,             0.00868
                  42,            0.032527,            0.050458,           0.0078093,             0.93935,             0.89018,             0.94603,              0.7013,            0.026308,            0.028983,           0.0031584,            0.008647,            0.008647,            0.008647
                  43,            0.032141,            0.047716,           0.0071812,             0.94002,             0.90853,             0.95232,             0.71425,            0.025678,            0.028339,           0.0030772,            0.008614,            0.008614,            0.008614
                  44,            0.032133,            0.050235,           0.0074257,             0.95741,             0.90333,             0.95927,             0.70808,            0.025523,            0.028792,           0.0030502,            0.008581,            0.008581,            0.008581
                  45,            0.031296,            0.046721,           0.0066714,             0.94088,             0.90494,             0.95046,              0.7095,            0.025893,            0.028749,           0.0031309,            0.008548,            0.008548,            0.008548
                  46,            0.031564,            0.049839,           0.0067823,             0.93678,             0.91148,             0.94927,              0.7024,            0.026268,            0.028676,           0.0030461,            0.008515,            0.008515,            0.008515
                  47,            0.031623,            0.048223,           0.0070811,             0.94717,             0.91405,             0.95408,             0.72574,            0.025471,            0.028126,           0.0030027,            0.008482,            0.008482,            0.008482
                  48,            0.031382,            0.046658,           0.0065903,             0.94849,             0.91742,             0.95492,             0.72013,            0.026067,            0.028338,           0.0029286,            0.008449,            0.008449,            0.008449
                  49,            0.031238,            0.046476,           0.0070218,             0.93352,             0.91216,             0.95016,             0.71148,            0.026073,            0.028425,           0.0029885,            0.008416,            0.008416,            0.008416
                  50,            0.031056,             0.04822,           0.0073593,             0.94408,             0.91265,             0.95555,             0.73621,            0.025152,            0.028181,            0.002993,            0.008383,            0.008383,            0.008383
                  51,            0.031341,             0.04683,           0.0072361,             0.94214,             0.91175,             0.95646,             0.72423,            0.025024,            0.027984,           0.0029225,             0.00835,             0.00835,             0.00835
                  52,            0.030872,            0.047713,           0.0065669,             0.93866,             0.90475,              0.9565,             0.71593,            0.025594,            0.027938,           0.0028801,            0.008317,            0.008317,            0.008317
                  53,            0.030052,            0.047341,            0.006581,             0.94469,             0.91592,             0.95751,              0.7301,            0.025177,            0.027659,           0.0028598,            0.008284,            0.008284,            0.008284
                  54,            0.030192,            0.046443,            0.006595,             0.93994,             0.91552,             0.95907,             0.72997,            0.025141,            0.027982,            0.002921,            0.008251,            0.008251,            0.008251
                  55,            0.030537,            0.047474,           0.0067588,             0.94453,             0.91898,             0.95569,             0.72391,            0.025103,            0.027397,           0.0028582,            0.008218,            0.008218,            0.008218
                  56,            0.031354,            0.049053,           0.0066277,              0.9309,              0.9253,             0.95518,             0.72686,            0.024679,            0.027333,           0.0028462,            0.008185,            0.008185,            0.008185
                  57,            0.031072,            0.046237,           0.0067897,             0.93803,             0.91113,             0.95215,             0.72276,            0.024712,            0.027444,           0.0029277,            0.008152,            0.008152,            0.008152
                  58,            0.030594,            0.047947,           0.0065858,             0.93277,              0.9196,             0.95459,              0.7308,            0.024281,            0.027134,           0.0028136,            0.008119,            0.008119,            0.008119
                  59,            0.030193,            0.046494,             0.00646,             0.94408,             0.92303,             0.95917,             0.72904,            0.024833,            0.027209,           0.0027469,            0.008086,            0.008086,            0.008086
                  60,            0.030536,            0.047461,           0.0068083,             0.94334,             0.92929,               0.959,             0.74092,             0.02444,            0.027087,           0.0028426,            0.008053,            0.008053,            0.008053
                  61,            0.029984,            0.047966,            0.006341,             0.94245,              0.9193,             0.95616,             0.74367,            0.024452,            0.027171,           0.0028014,             0.00802,             0.00802,             0.00802
                  62,            0.030556,            0.047847,           0.0063091,             0.94682,              0.9318,              0.9629,             0.73491,            0.024351,            0.027164,           0.0026689,            0.007987,            0.007987,            0.007987
                  63,             0.02949,            0.046292,           0.0062818,             0.96086,             0.93439,             0.96798,             0.74467,            0.024167,            0.026794,           0.0027962,            0.007954,            0.007954,            0.007954
                  64,            0.030104,            0.044554,           0.0066387,             0.94764,             0.92774,             0.96236,             0.73724,            0.023993,            0.026897,           0.0027703,            0.007921,            0.007921,            0.007921
                  65,            0.029581,             0.04344,           0.0064662,             0.94444,             0.92189,             0.95766,             0.71967,            0.024239,            0.026711,           0.0027235,            0.007888,            0.007888,            0.007888
                  66,            0.029673,            0.045398,            0.006181,             0.93717,             0.91769,             0.95881,             0.73152,            0.023628,            0.026346,           0.0027968,            0.007855,            0.007855,            0.007855
                  67,            0.029237,            0.045963,           0.0062977,             0.95087,             0.92199,             0.96518,             0.74495,            0.023302,            0.025732,            0.002647,            0.007822,            0.007822,            0.007822
                  68,            0.030013,            0.047048,           0.0059962,             0.94835,             0.91565,             0.95919,             0.73953,            0.023266,            0.025721,           0.0025554,            0.007789,            0.007789,            0.007789
                  69,            0.030221,            0.045806,           0.0062665,             0.94541,             0.92588,             0.96214,             0.74261,            0.023384,            0.025853,           0.0025745,            0.007756,            0.007756,            0.007756
                  70,            0.029401,            0.044887,           0.0059153,              0.9483,             0.92952,             0.95963,             0.74437,            0.023669,            0.026419,           0.0026019,            0.007723,            0.007723,            0.007723
                  71,            0.029769,            0.045601,           0.0062988,             0.94967,             0.93795,             0.96817,             0.75563,            0.023243,            0.025696,           0.0026532,             0.00769,             0.00769,             0.00769
                  72,            0.029351,            0.043736,            0.006446,             0.94891,             0.92717,             0.96166,             0.75785,            0.023237,            0.025601,           0.0026346,            0.007657,            0.007657,            0.007657
                  73,            0.029248,            0.043944,           0.0059419,             0.95146,             0.93097,             0.96354,              0.7568,             0.02312,            0.025465,           0.0025626,            0.007624,            0.007624,            0.007624
                  74,            0.028799,            0.043845,            0.006154,             0.95107,             0.93404,             0.96276,             0.75387,            0.022651,            0.025269,           0.0025542,            0.007591,            0.007591,            0.007591
                  75,            0.028238,             0.04333,           0.0057983,             0.94595,             0.93498,             0.96366,              0.7542,            0.023045,            0.025595,           0.0025671,            0.007558,            0.007558,            0.007558
                  76,            0.028412,            0.044792,           0.0058926,             0.93847,             0.92437,             0.95648,             0.74553,            0.023129,            0.025604,           0.0025089,            0.007525,            0.007525,            0.007525
                  77,            0.029449,            0.045353,           0.0063154,             0.94288,              0.9422,             0.96749,             0.74625,            0.022919,            0.025277,            0.002499,            0.007492,            0.007492,            0.007492
                  78,            0.028779,             0.04243,           0.0060085,             0.96204,             0.93732,             0.97121,             0.74449,            0.022799,            0.025154,           0.0024885,            0.007459,            0.007459,            0.007459
                  79,            0.028476,            0.044144,           0.0059607,             0.94036,             0.94161,              0.9649,             0.75228,            0.023075,            0.025159,           0.0025249,            0.007426,            0.007426,            0.007426
                  80,            0.028065,            0.042086,           0.0062897,             0.95087,             0.93151,             0.96873,             0.75517,            0.023343,            0.025086,           0.0025013,            0.007393,            0.007393,            0.007393
                  81,            0.028643,             0.04233,           0.0054792,             0.95022,             0.93969,             0.97051,             0.76366,            0.023369,            0.025449,           0.0024935,             0.00736,             0.00736,             0.00736
                  82,            0.028658,            0.043542,           0.0058923,             0.94391,             0.93365,             0.96632,              0.7619,            0.022967,            0.025095,           0.0024729,            0.007327,            0.007327,            0.007327
                  83,            0.028283,            0.042806,           0.0058095,              0.9574,             0.94632,             0.97139,             0.75586,            0.023318,            0.025414,           0.0024887,            0.007294,            0.007294,            0.007294
                  84,            0.028147,            0.042191,           0.0060327,             0.96075,             0.94283,             0.97235,             0.76591,            0.022814,            0.025167,           0.0024661,            0.007261,            0.007261,            0.007261
                  85,            0.029011,            0.045267,           0.0057788,             0.95452,             0.93956,             0.96947,             0.76621,            0.022379,            0.024785,           0.0024918,            0.007228,            0.007228,            0.007228
                  86,            0.027506,            0.045215,           0.0056629,             0.95781,             0.93468,             0.96986,             0.76693,            0.022267,             0.02473,            0.002426,            0.007195,            0.007195,            0.007195
                  87,            0.028061,            0.044263,           0.0054594,             0.96213,              0.9428,             0.97236,             0.77128,            0.022254,            0.024455,           0.0024474,            0.007162,            0.007162,            0.007162
                  88,            0.027983,            0.042507,           0.0057526,             0.95003,             0.93207,             0.96222,             0.76205,            0.022164,            0.024262,           0.0024403,            0.007129,            0.007129,            0.007129
                  89,            0.027564,            0.042034,           0.0056055,             0.95516,             0.92879,              0.9654,             0.76099,            0.022278,            0.024482,           0.0024058,            0.007096,            0.007096,            0.007096
                  90,            0.027865,            0.041504,           0.0055489,             0.94268,             0.93754,             0.96494,              0.7715,            0.022221,            0.024416,           0.0024078,            0.007063,            0.007063,            0.007063
                  91,            0.026956,             0.04104,           0.0053694,             0.96222,             0.94643,             0.97368,             0.77384,            0.021818,            0.024203,           0.0023509,             0.00703,             0.00703,             0.00703
                  92,            0.027703,            0.042717,           0.0057055,             0.95473,             0.94805,             0.97232,             0.77288,            0.021425,            0.024158,           0.0023876,            0.006997,            0.006997,            0.006997
                  93,            0.027696,            0.043265,           0.0053123,              0.9585,             0.94278,              0.9702,             0.77331,            0.021469,            0.024177,           0.0023357,            0.006964,            0.006964,            0.006964
                  94,            0.027595,            0.041806,           0.0055849,             0.94768,             0.94844,             0.97255,             0.77793,            0.021339,             0.02379,           0.0023469,            0.006931,            0.006931,            0.006931
                  95,            0.027235,            0.042373,           0.0053402,             0.95381,             0.94555,             0.97137,             0.76992,            0.021586,            0.023883,           0.0023805,            0.006898,            0.006898,            0.006898
                  96,             0.02759,            0.044035,           0.0056686,             0.94932,             0.93863,             0.96699,              0.7728,            0.021526,            0.023743,           0.0023555,            0.006865,            0.006865,            0.006865
                  97,            0.027441,            0.042484,           0.0053831,             0.96576,              0.9454,             0.97451,             0.77247,            0.021295,            0.023381,           0.0023763,            0.006832,            0.006832,            0.006832
                  98,            0.026545,            0.039475,           0.0054819,             0.95921,             0.93549,             0.96954,             0.76615,            0.021609,            0.023793,           0.0024006,            0.006799,            0.006799,            0.006799
                  99,            0.027289,            0.043862,           0.0055306,             0.96511,             0.93982,             0.96839,             0.77186,            0.021493,            0.023525,           0.0023536,            0.006766,            0.006766,            0.006766
                 100,            0.027578,            0.041053,           0.0052392,             0.95955,             0.93496,             0.96628,             0.77792,             0.02136,            0.023492,             0.00232,            0.006733,            0.006733,            0.006733
                 101,            0.027168,            0.042638,           0.0055353,             0.95467,             0.94291,             0.96929,             0.77575,            0.021305,            0.023341,           0.0023543,              0.0067,              0.0067,              0.0067
                 102,            0.026251,            0.042901,            0.005262,             0.96016,             0.93331,             0.97017,             0.79108,            0.020629,            0.023118,           0.0023119,            0.006667,            0.006667,            0.006667
                 103,            0.026481,            0.038019,           0.0050858,             0.96221,             0.92902,             0.97196,             0.78116,            0.021315,            0.023356,           0.0023063,            0.006634,            0.006634,            0.006634
                 104,              0.0273,            0.042202,           0.0056394,             0.95415,             0.93829,             0.97339,             0.78511,            0.020994,            0.023395,           0.0023879,            0.006601,            0.006601,            0.006601
                 105,            0.026565,            0.040015,             0.00527,             0.95447,             0.94357,             0.97568,             0.78976,            0.020587,            0.023192,             0.00236,            0.006568,            0.006568,            0.006568
                 106,            0.026739,            0.040864,           0.0055515,             0.95667,             0.94423,             0.97503,             0.79314,            0.020895,             0.02338,            0.002316,            0.006535,            0.006535,            0.006535
                 107,            0.026107,            0.040093,            0.005085,             0.95629,             0.94098,             0.97109,             0.78998,            0.020979,            0.022902,           0.0023574,            0.006502,            0.006502,            0.006502
                 108,            0.027064,            0.039011,           0.0053215,             0.96361,             0.94015,             0.97109,             0.79017,            0.020577,            0.022864,           0.0022932,            0.006469,            0.006469,            0.006469
                 109,             0.02689,            0.041821,           0.0051785,             0.95162,             0.94562,             0.97061,              0.7775,            0.020691,            0.023041,            0.002277,            0.006436,            0.006436,            0.006436
                 110,            0.026326,            0.039834,           0.0050735,             0.95815,             0.94026,             0.96912,             0.78299,            0.020525,            0.022991,           0.0022854,            0.006403,            0.006403,            0.006403
                 111,            0.026341,            0.039872,           0.0054212,             0.95715,             0.94245,             0.97139,             0.79121,            0.020376,            0.022586,           0.0022649,             0.00637,             0.00637,             0.00637
                 112,            0.026058,             0.04098,           0.0053128,              0.9605,             0.93957,             0.97109,             0.79914,             0.02007,            0.022509,           0.0022133,            0.006337,            0.006337,            0.006337
                 113,            0.026318,            0.041085,           0.0052128,              0.9598,             0.94653,              0.9748,             0.79109,            0.020186,             0.02274,           0.0022148,            0.006304,            0.006304,            0.006304
                 114,            0.026266,             0.04171,            0.005148,              0.9576,             0.94328,             0.97228,             0.77962,            0.021066,            0.023019,           0.0021996,            0.006271,            0.006271,            0.006271
                 115,            0.026268,            0.039678,            0.005259,              0.9617,             0.94157,             0.97226,             0.79286,             0.02041,            0.022498,           0.0022455,            0.006238,            0.006238,            0.006238
                 116,            0.026035,            0.038115,           0.0052519,             0.95696,             0.94649,             0.97336,             0.79088,             0.01998,            0.022314,            0.002262,            0.006205,            0.006205,            0.006205
                 117,            0.026029,            0.038764,           0.0053408,             0.95654,             0.93686,             0.97389,             0.78695,            0.020185,            0.022518,           0.0022532,            0.006172,            0.006172,            0.006172
                 118,             0.02609,            0.041159,           0.0051746,             0.95202,             0.94725,             0.97483,             0.78999,            0.020555,            0.022286,           0.0022306,            0.006139,            0.006139,            0.006139
                 119,            0.026617,             0.04062,           0.0050961,             0.95218,             0.94853,             0.97412,             0.80049,            0.020264,            0.022321,           0.0022167,            0.006106,            0.006106,            0.006106
                 120,            0.025649,            0.037818,           0.0050676,              0.9556,             0.95087,             0.97514,              0.7938,            0.020219,            0.022165,            0.002163,            0.006073,            0.006073,            0.006073
                 121,            0.026024,             0.03961,            0.005226,             0.96648,              0.9394,             0.97399,             0.79397,            0.019558,            0.021776,           0.0021587,             0.00604,             0.00604,             0.00604
                 122,            0.025274,             0.03832,           0.0050548,             0.95505,             0.94849,             0.97354,             0.79669,            0.019804,             0.02177,           0.0021298,            0.006007,            0.006007,            0.006007
                 123,             0.02525,              0.0398,           0.0046789,             0.96167,             0.94297,             0.97283,             0.80184,            0.019858,            0.021748,           0.0021369,            0.005974,            0.005974,            0.005974
                 124,            0.025271,            0.039134,           0.0050626,             0.96326,             0.93948,             0.97587,             0.80143,            0.019472,            0.021788,           0.0021623,            0.005941,            0.005941,            0.005941
                 125,            0.025114,            0.038601,           0.0050285,             0.95988,             0.94916,             0.97702,              0.7916,            0.019799,            0.021986,           0.0021121,            0.005908,            0.005908,            0.005908
                 126,            0.025813,             0.03951,           0.0049996,             0.95765,             0.94729,             0.97195,             0.79984,            0.019303,            0.021833,           0.0021059,            0.005875,            0.005875,            0.005875
                 127,            0.024736,            0.039465,           0.0048915,             0.96497,             0.95101,             0.97483,             0.80719,            0.019346,            0.021565,           0.0020935,            0.005842,            0.005842,            0.005842
                 128,            0.025723,            0.039077,            0.005346,             0.96314,             0.95094,             0.97762,             0.80425,            0.019468,            0.021739,           0.0021181,            0.005809,            0.005809,            0.005809
                 129,            0.024728,            0.038484,           0.0048251,               0.962,             0.94553,             0.97676,             0.80634,            0.019327,             0.02147,           0.0021314,            0.005776,            0.005776,            0.005776
                 130,            0.025309,            0.040001,           0.0048786,              0.9578,             0.94557,             0.97318,             0.80607,            0.019341,            0.021451,           0.0021217,            0.005743,            0.005743,            0.005743
                 131,            0.024946,             0.03848,           0.0048344,             0.95548,             0.95072,             0.97317,                0.81,            0.019381,            0.021527,           0.0021637,             0.00571,             0.00571,             0.00571
                 132,            0.025023,            0.037599,           0.0050634,             0.96618,             0.95807,             0.97844,             0.81617,            0.019417,            0.021475,           0.0021261,            0.005677,            0.005677,            0.005677
                 133,            0.025017,            0.037804,           0.0049708,               0.972,             0.95326,             0.97924,              0.8178,            0.019104,            0.021055,           0.0021035,            0.005644,            0.005644,            0.005644
                 134,            0.024647,            0.038441,           0.0048819,             0.96848,             0.95513,             0.98304,             0.81741,            0.019079,             0.02122,           0.0020854,            0.005611,            0.005611,            0.005611
                 135,            0.024879,             0.03917,           0.0048185,             0.96818,             0.95693,             0.98361,             0.81424,            0.018896,            0.021206,           0.0020926,            0.005578,            0.005578,            0.005578
                 136,            0.024692,            0.037871,           0.0047848,             0.96553,              0.9565,             0.97836,             0.80848,            0.019009,            0.021295,           0.0021238,            0.005545,            0.005545,            0.005545
                 137,            0.024637,            0.037103,            0.004698,             0.96233,              0.9564,             0.98116,             0.80445,            0.019036,            0.021152,           0.0020934,            0.005512,            0.005512,            0.005512
                 138,            0.024411,            0.035858,           0.0048146,              0.9746,             0.95225,             0.98399,             0.81746,            0.018868,            0.020884,           0.0020307,            0.005479,            0.005479,            0.005479
                 139,            0.024587,            0.036573,           0.0048106,             0.97228,             0.95327,             0.98115,             0.81485,            0.018955,            0.020996,           0.0020456,            0.005446,            0.005446,            0.005446
                 140,            0.024286,            0.036605,           0.0047187,             0.96041,             0.95929,             0.97801,             0.81081,             0.01909,            0.021021,           0.0020322,            0.005413,            0.005413,            0.005413
                 141,            0.024597,            0.037703,            0.004615,             0.96799,             0.94976,             0.97714,             0.81119,            0.019085,            0.021027,           0.0020133,             0.00538,             0.00538,             0.00538
                 142,            0.024607,            0.037103,           0.0051122,             0.96688,             0.95308,             0.97563,             0.81859,            0.018678,            0.020763,           0.0020523,            0.005347,            0.005347,            0.005347
                 143,            0.023999,            0.037319,           0.0048448,             0.96294,             0.94998,             0.97667,             0.82111,              0.0186,            0.020913,           0.0020518,            0.005314,            0.005314,            0.005314
                 144,            0.024192,            0.036492,           0.0049871,             0.96053,             0.94539,             0.97532,             0.81822,            0.018553,            0.020614,           0.0020263,            0.005281,            0.005281,            0.005281
                 145,            0.024289,            0.038171,           0.0048071,             0.96719,             0.95049,             0.98139,             0.82253,            0.018517,            0.020502,           0.0020376,            0.005248,            0.005248,            0.005248
                 146,            0.024047,            0.035698,           0.0045687,             0.97391,             0.95541,             0.98027,             0.82811,            0.018661,            0.020534,            0.002042,            0.005215,            0.005215,            0.005215
                 147,              0.0234,            0.037906,           0.0046124,             0.96782,             0.95433,             0.97895,             0.82953,            0.018473,            0.020511,           0.0020026,            0.005182,            0.005182,            0.005182
                 148,            0.023938,             0.03525,            0.004446,             0.97242,             0.94942,             0.97939,             0.82238,            0.018321,            0.020444,           0.0020061,            0.005149,            0.005149,            0.005149
                 149,             0.02364,            0.034842,           0.0045327,             0.97547,              0.9531,             0.98418,              0.8296,            0.018223,            0.020176,            0.001971,            0.005116,            0.005116,            0.005116
                 150,            0.023514,            0.034693,            0.004417,             0.96642,             0.95807,             0.98294,             0.82688,            0.018286,             0.02007,           0.0019552,            0.005083,            0.005083,            0.005083
                 151,            0.023717,            0.037262,           0.0045317,             0.96593,             0.95998,             0.98341,             0.82017,            0.018322,            0.020373,           0.0019646,             0.00505,             0.00505,             0.00505
                 152,            0.023973,            0.035858,           0.0050042,             0.96401,             0.96221,             0.98208,             0.82553,            0.018299,            0.020488,           0.0019923,            0.005017,            0.005017,            0.005017
                 153,            0.023285,            0.035967,            0.004501,              0.9659,              0.9574,             0.98146,             0.82762,             0.01837,            0.020533,           0.0019873,            0.004984,            0.004984,            0.004984
                 154,            0.023746,            0.035645,           0.0046483,             0.96722,              0.9606,              0.9814,             0.82925,            0.018236,            0.020327,           0.0019916,            0.004951,            0.004951,            0.004951
                 155,            0.023977,            0.035635,           0.0045458,             0.96356,             0.95582,             0.98044,             0.82943,            0.017995,            0.019993,           0.0020024,            0.004918,            0.004918,            0.004918
                 156,            0.024021,            0.036332,           0.0044095,             0.96238,             0.95899,             0.98047,             0.82678,            0.018026,            0.019989,            0.001987,            0.004885,            0.004885,            0.004885
                 157,             0.02384,            0.037663,           0.0046781,             0.97248,             0.95735,             0.98354,             0.83044,            0.017983,            0.020075,           0.0019692,            0.004852,            0.004852,            0.004852
                 158,            0.023483,            0.035324,           0.0045735,             0.97215,             0.95936,             0.98007,             0.83478,            0.018097,            0.020098,           0.0019576,            0.004819,            0.004819,            0.004819
                 159,            0.023361,             0.03697,           0.0043868,             0.97207,             0.95831,             0.97917,             0.83496,            0.017916,            0.019883,            0.001935,            0.004786,            0.004786,            0.004786
                 160,             0.02284,            0.035231,           0.0044627,             0.96079,              0.9598,             0.97789,             0.83294,            0.017881,            0.019846,            0.001923,            0.004753,            0.004753,            0.004753
                 161,            0.023073,            0.034608,            0.004356,             0.96266,             0.95818,             0.97826,             0.83373,            0.017768,            0.019839,           0.0019188,             0.00472,             0.00472,             0.00472
                 162,            0.023575,            0.035404,           0.0046194,             0.97256,             0.95111,             0.98155,             0.84479,            0.017568,            0.019648,           0.0019011,            0.004687,            0.004687,            0.004687
                 163,            0.023511,            0.036149,           0.0045806,             0.97194,              0.9592,             0.98038,             0.84492,            0.017572,            0.019675,           0.0019204,            0.004654,            0.004654,            0.004654
                 164,            0.022373,            0.034683,            0.004229,             0.97242,             0.95897,             0.98025,             0.84549,            0.017616,            0.019594,            0.001923,            0.004621,            0.004621,            0.004621
                 165,            0.022848,            0.035498,           0.0045736,             0.97195,             0.95853,             0.98052,             0.83567,            0.017784,            0.019923,           0.0019178,            0.004588,            0.004588,            0.004588
                 166,            0.022553,            0.034026,           0.0042114,             0.97506,             0.95646,             0.98054,             0.84651,            0.017621,            0.019771,           0.0019222,            0.004555,            0.004555,            0.004555
                 167,            0.023312,            0.034549,           0.0043723,             0.97139,             0.95893,              0.9819,             0.83874,            0.017557,            0.019717,           0.0019111,            0.004522,            0.004522,            0.004522
                 168,            0.022303,            0.034274,           0.0040569,             0.97115,             0.95863,             0.98022,             0.83393,            0.017633,            0.019881,           0.0018998,            0.004489,            0.004489,            0.004489
                 169,            0.022885,            0.035031,           0.0044051,             0.97269,             0.95655,             0.98071,             0.83633,            0.017676,            0.019847,           0.0019153,            0.004456,            0.004456,            0.004456
                 170,            0.023164,             0.03479,           0.0045227,             0.97272,             0.95937,             0.98105,             0.83836,            0.017553,            0.019522,           0.0018946,            0.004423,            0.004423,            0.004423
                 171,            0.023024,            0.034978,           0.0044814,             0.97346,             0.95901,             0.98192,             0.83121,            0.017495,            0.019533,           0.0018762,             0.00439,             0.00439,             0.00439
                 172,            0.023417,            0.035316,           0.0045008,             0.97086,             0.94886,             0.97708,             0.84045,            0.017439,            0.019418,            0.001886,            0.004357,            0.004357,            0.004357
                 173,            0.022651,            0.036485,           0.0044277,             0.96831,             0.94969,             0.97773,             0.84742,            0.017054,             0.01918,           0.0018859,            0.004324,            0.004324,            0.004324
                 174,            0.022333,            0.035479,           0.0045223,               0.966,             0.95171,             0.97796,             0.84474,            0.016932,            0.019123,           0.0018568,            0.004291,            0.004291,            0.004291
                 175,             0.02235,            0.034391,            0.004098,             0.96074,             0.95792,             0.97876,             0.83769,            0.017301,            0.019194,           0.0018348,            0.004258,            0.004258,            0.004258
                 176,            0.022531,            0.033144,           0.0043194,             0.97235,             0.95694,              0.9812,              0.8419,            0.017106,            0.019016,           0.0018348,            0.004225,            0.004225,            0.004225
                 177,            0.022111,            0.033667,           0.0044132,             0.97074,             0.95516,             0.98028,             0.84981,            0.017044,            0.019002,           0.0018794,            0.004192,            0.004192,            0.004192
                 178,            0.021981,            0.034331,            0.003967,             0.97229,             0.95614,             0.98094,              0.8466,            0.017156,            0.019136,           0.0019009,            0.004159,            0.004159,            0.004159
                 179,            0.022482,            0.034609,           0.0045599,             0.97273,             0.96247,             0.98149,             0.84255,            0.017208,            0.019051,           0.0018702,            0.004126,            0.004126,            0.004126
                 180,            0.022309,            0.035517,           0.0041609,             0.97115,             0.96006,             0.98093,             0.84479,            0.016871,            0.018742,           0.0018405,            0.004093,            0.004093,            0.004093
                 181,            0.021938,            0.033003,           0.0043014,             0.96406,              0.9554,             0.97902,             0.85183,             0.01684,            0.018717,           0.0018244,             0.00406,             0.00406,             0.00406
                 182,            0.021964,            0.033658,            0.004177,             0.96277,             0.96621,             0.97956,             0.85318,            0.017165,            0.018814,           0.0018184,            0.004027,            0.004027,            0.004027
                 183,            0.022117,            0.032941,            0.004146,             0.96161,             0.96863,             0.98007,             0.84563,            0.017033,            0.018771,           0.0018278,            0.003994,            0.003994,            0.003994
                 184,            0.022173,            0.035016,           0.0041901,             0.96984,             0.95513,             0.98013,             0.85294,            0.016709,            0.018362,           0.0018158,            0.003961,            0.003961,            0.003961
                 185,            0.021758,            0.034321,           0.0041768,             0.96936,             0.96615,             0.98369,             0.85032,            0.016798,            0.018499,           0.0018345,            0.003928,            0.003928,            0.003928
                 186,            0.021861,            0.033707,            0.004346,             0.96959,             0.96812,              0.9862,             0.85158,            0.016721,            0.018487,           0.0018408,            0.003895,            0.003895,            0.003895
                 187,            0.022013,            0.033799,           0.0041714,             0.97058,             0.96562,             0.98558,             0.85506,            0.016456,            0.018479,           0.0018542,            0.003862,            0.003862,            0.003862
                 188,            0.021327,            0.032621,           0.0041703,             0.96247,             0.95944,             0.98314,             0.85468,             0.01655,            0.018487,           0.0018369,            0.003829,            0.003829,            0.003829
                 189,            0.021465,             0.03195,           0.0042637,             0.96423,             0.95411,             0.98199,             0.85347,            0.016565,            0.018432,           0.0018334,            0.003796,            0.003796,            0.003796
                 190,            0.021086,            0.031078,           0.0038426,             0.95835,             0.96059,             0.97815,             0.85754,            0.016561,            0.018375,            0.001825,            0.003763,            0.003763,            0.003763
                 191,            0.021611,            0.032074,           0.0040297,             0.97309,             0.95906,             0.98156,             0.85801,            0.016461,            0.018385,           0.0018126,             0.00373,             0.00373,             0.00373
                 192,            0.021168,            0.032441,           0.0038532,             0.96152,             0.96334,             0.98205,             0.85708,            0.016444,             0.01822,           0.0018134,            0.003697,            0.003697,            0.003697
                 193,            0.021208,            0.031972,           0.0039908,             0.97164,             0.96133,             0.98524,             0.85048,            0.016518,             0.01816,             0.00182,            0.003664,            0.003664,            0.003664
                 194,            0.021071,            0.031773,           0.0040095,             0.97491,              0.9611,             0.98188,             0.86111,            0.016329,            0.018232,           0.0017984,            0.003631,            0.003631,            0.003631
                 195,            0.021655,            0.034198,           0.0040534,             0.97389,             0.95926,             0.98214,             0.85782,            0.016324,            0.018129,           0.0018053,            0.003598,            0.003598,            0.003598
                 196,            0.021615,            0.031222,           0.0041179,             0.97414,              0.9632,             0.98213,             0.85468,            0.016396,            0.018157,           0.0017876,            0.003565,            0.003565,            0.003565
                 197,            0.021755,            0.033438,            0.004006,             0.97133,             0.96437,             0.98188,             0.85925,            0.016262,            0.018119,           0.0017799,            0.003532,            0.003532,            0.003532
                 198,            0.021672,            0.033053,           0.0039412,             0.96148,             0.96063,             0.98014,             0.85484,            0.016212,            0.017964,           0.0017861,            0.003499,            0.003499,            0.003499
                 199,            0.021088,            0.032533,            0.004042,              0.9649,             0.96693,              0.9807,             0.85659,            0.016109,            0.017886,           0.0017838,            0.003466,            0.003466,            0.003466
                 200,            0.021418,            0.031923,           0.0038905,             0.96983,             0.96415,             0.98477,             0.85003,            0.016186,             0.01792,           0.0017735,            0.003433,            0.003433,            0.003433
                 201,            0.021253,            0.031488,           0.0040811,             0.97281,             0.95807,             0.98181,             0.85843,            0.016008,            0.017738,           0.0017641,              0.0034,              0.0034,              0.0034
                 202,            0.021495,            0.032966,           0.0039316,             0.96711,             0.96699,             0.98274,              0.8573,            0.016011,             0.01773,           0.0017643,            0.003367,            0.003367,            0.003367
                 203,            0.021377,            0.031802,           0.0038179,             0.97207,             0.96613,             0.98317,             0.85607,            0.016076,            0.017851,           0.0017583,            0.003334,            0.003334,            0.003334
                 204,            0.021036,            0.031493,            0.004107,             0.97062,              0.9585,             0.98089,             0.85763,              0.0161,            0.017931,           0.0017355,            0.003301,            0.003301,            0.003301
                 205,            0.021142,             0.03237,           0.0040534,             0.97322,             0.96301,             0.98696,             0.85183,            0.016004,            0.017858,           0.0017324,            0.003268,            0.003268,            0.003268
                 206,            0.020863,            0.032375,           0.0039871,             0.97617,             0.96612,             0.98668,             0.86122,            0.015916,            0.017815,           0.0017201,            0.003235,            0.003235,            0.003235
                 207,            0.020815,            0.031438,           0.0037998,             0.97654,             0.96481,             0.98711,             0.86484,            0.015893,            0.017673,           0.0017157,            0.003202,            0.003202,            0.003202
                 208,            0.020914,            0.031761,           0.0041546,             0.97699,             0.96542,             0.98658,             0.86309,            0.015847,            0.017582,           0.0017239,            0.003169,            0.003169,            0.003169
                 209,            0.020619,            0.031818,           0.0041499,             0.97772,             0.96213,              0.9862,             0.86766,            0.015813,            0.017515,           0.0017419,            0.003136,            0.003136,            0.003136
                 210,            0.020877,             0.03185,           0.0040048,             0.97066,             0.96372,             0.98592,             0.87028,            0.015747,            0.017565,           0.0017344,            0.003103,            0.003103,            0.003103
                 211,            0.020477,            0.030734,           0.0037659,             0.97096,             0.96415,             0.98601,             0.87048,            0.015786,            0.017465,           0.0017256,             0.00307,             0.00307,             0.00307
                 212,            0.020229,            0.029603,           0.0037548,             0.97292,             0.96167,             0.98607,             0.86814,            0.015841,            0.017605,           0.0017339,            0.003037,            0.003037,            0.003037
                 213,            0.020397,            0.032464,           0.0039517,             0.97249,             0.96323,             0.98616,             0.86785,            0.015566,            0.017307,           0.0017264,            0.003004,            0.003004,            0.003004
                 214,             0.02037,            0.030956,           0.0037379,             0.97338,             0.96399,             0.98684,             0.86924,            0.015472,             0.01728,            0.001719,            0.002971,            0.002971,            0.002971
                 215,            0.020718,            0.030208,           0.0037725,             0.97281,             0.96331,             0.98579,             0.86823,            0.015628,            0.017318,           0.0017195,            0.002938,            0.002938,            0.002938
                 216,            0.020586,             0.03272,           0.0037738,               0.974,             0.96249,             0.98621,             0.86943,            0.015622,            0.017406,           0.0017187,            0.002905,            0.002905,            0.002905
                 217,            0.020429,            0.031033,           0.0037842,             0.97486,              0.9607,             0.98652,             0.87414,            0.015582,            0.017257,           0.0017134,            0.002872,            0.002872,            0.002872
                 218,            0.020066,            0.031405,           0.0036596,             0.97425,              0.9627,             0.98693,             0.87296,            0.015472,            0.017254,           0.0017103,            0.002839,            0.002839,            0.002839
                 219,            0.020125,            0.029999,           0.0037346,             0.97278,             0.96428,             0.98677,             0.87723,            0.015353,            0.017111,           0.0017046,            0.002806,            0.002806,            0.002806
                 220,            0.019694,            0.030953,           0.0035279,             0.97142,             0.96697,               0.987,             0.87762,            0.015397,            0.017178,           0.0016944,            0.002773,            0.002773,            0.002773
                 221,            0.020865,            0.030776,           0.0040272,             0.97196,              0.9663,             0.98754,             0.87834,            0.015528,            0.017341,            0.001702,             0.00274,             0.00274,             0.00274
                 222,            0.020125,            0.031192,           0.0038093,             0.97264,             0.96595,             0.98777,             0.87721,            0.015293,            0.017069,           0.0016979,            0.002707,            0.002707,            0.002707
                 223,            0.020173,            0.030906,           0.0037202,             0.97331,             0.96523,              0.9876,             0.88103,            0.015124,            0.016901,           0.0016792,            0.002674,            0.002674,            0.002674
                 224,            0.020142,            0.031895,           0.0038419,             0.97443,             0.96179,             0.98797,             0.88003,            0.015193,            0.016796,           0.0016735,            0.002641,            0.002641,            0.002641
                 225,             0.01991,            0.029941,           0.0036834,             0.96836,             0.96468,             0.98789,             0.88095,            0.015027,            0.016648,           0.0016701,            0.002608,            0.002608,            0.002608
                 226,            0.020015,            0.029783,           0.0036408,             0.97133,             0.96411,             0.98711,             0.88103,            0.015136,            0.016897,           0.0016654,            0.002575,            0.002575,            0.002575
                 227,            0.019566,            0.030438,            0.003614,             0.97377,             0.96122,             0.98721,             0.88311,            0.015049,            0.016781,           0.0016559,            0.002542,            0.002542,            0.002542
                 228,            0.019439,            0.030387,           0.0037141,             0.96984,             0.96534,             0.98748,             0.88136,            0.015014,            0.016795,           0.0016579,            0.002509,            0.002509,            0.002509
                 229,            0.019306,            0.029968,           0.0036383,             0.96931,             0.96217,             0.98287,             0.88369,            0.014924,            0.016577,           0.0016499,            0.002476,            0.002476,            0.002476
                 230,            0.019603,            0.028025,           0.0036869,             0.96982,             0.96469,             0.98751,              0.8811,            0.014951,            0.016629,           0.0016537,            0.002443,            0.002443,            0.002443
                 231,            0.019775,            0.029477,           0.0038273,             0.96856,             0.96516,             0.98719,             0.88118,            0.014966,            0.016664,           0.0016476,             0.00241,             0.00241,             0.00241
                 232,            0.019935,            0.029819,           0.0037298,             0.97022,             0.96466,             0.98722,             0.88539,             0.01483,            0.016538,           0.0016333,            0.002377,            0.002377,            0.002377
                 233,            0.019826,            0.030743,           0.0036591,             0.97209,             0.96527,             0.98741,             0.88753,            0.014696,            0.016316,           0.0016249,            0.002344,            0.002344,            0.002344
                 234,            0.019102,            0.029011,           0.0035492,             0.97198,             0.96595,             0.98798,             0.88057,            0.014926,            0.016688,           0.0016262,            0.002311,            0.002311,            0.002311
                 235,            0.019821,            0.030884,           0.0037188,             0.97332,             0.96599,             0.98819,             0.88208,            0.014897,            0.016547,           0.0016303,            0.002278,            0.002278,            0.002278
                 236,            0.018879,            0.028664,            0.003589,             0.97248,             0.96611,              0.9872,             0.88804,            0.014649,            0.016151,           0.0016299,            0.002245,            0.002245,            0.002245
                 237,            0.019573,             0.02945,           0.0036324,             0.97187,             0.96664,             0.98734,              0.8864,            0.014622,            0.016117,           0.0016282,            0.002212,            0.002212,            0.002212
                 238,            0.019521,             0.02962,             0.00368,             0.97326,             0.96582,             0.98713,             0.88721,            0.014628,            0.016214,           0.0016264,            0.002179,            0.002179,            0.002179
                 239,            0.019007,            0.028726,           0.0034849,             0.97047,             0.96997,             0.98701,             0.89129,            0.014567,            0.016265,           0.0016202,            0.002146,            0.002146,            0.002146
                 240,            0.018935,            0.027385,           0.0036478,             0.96831,             0.97161,             0.98781,             0.89103,            0.014616,            0.016286,           0.0016131,            0.002113,            0.002113,            0.002113
                 241,            0.019114,            0.028808,           0.0034583,             0.97492,             0.96624,             0.98742,             0.88349,            0.014631,            0.016167,           0.0016083,             0.00208,             0.00208,             0.00208
                 242,            0.019216,             0.02942,           0.0035533,             0.97424,             0.96719,             0.98742,             0.89097,            0.014552,            0.016071,           0.0016082,            0.002047,            0.002047,            0.002047
                 243,            0.018861,            0.029166,             0.00379,             0.97349,             0.96725,             0.98844,             0.89285,            0.014522,            0.016007,           0.0015996,            0.002014,            0.002014,            0.002014
                 244,            0.019276,            0.027713,            0.003518,             0.97467,             0.96643,             0.98749,             0.88857,            0.014525,            0.016031,           0.0015948,            0.001981,            0.001981,            0.001981
                 245,            0.019256,            0.029424,           0.0037234,             0.97602,             0.96752,             0.98775,             0.89338,            0.014382,            0.015924,           0.0015977,            0.001948,            0.001948,            0.001948
                 246,            0.019101,            0.029612,            0.003663,             0.97685,             0.96644,             0.98715,              0.8922,            0.014458,            0.015907,           0.0015923,            0.001915,            0.001915,            0.001915
                 247,            0.019393,            0.028995,           0.0035312,             0.97675,             0.96713,             0.98785,             0.89361,            0.014398,            0.015842,           0.0015921,            0.001882,            0.001882,            0.001882
                 248,            0.018951,            0.028339,           0.0034347,             0.97541,             0.96634,             0.98721,             0.89453,            0.014265,            0.015783,           0.0015919,            0.001849,            0.001849,            0.001849
                 249,            0.018635,            0.028705,           0.0034759,             0.97363,             0.96605,             0.98659,              0.8922,            0.014333,            0.015767,           0.0015901,            0.001816,            0.001816,            0.001816
                 250,            0.018878,            0.028423,            0.003499,             0.97141,             0.96913,             0.98836,             0.89552,            0.014399,            0.015931,            0.001589,            0.001783,            0.001783,            0.001783
                 251,            0.018898,            0.029367,            0.003406,             0.97297,             0.96954,             0.98786,             0.89365,            0.014407,            0.015894,           0.0015833,             0.00175,             0.00175,             0.00175
                 252,              0.0188,            0.027516,           0.0035464,             0.97265,             0.97104,             0.98787,             0.89427,            0.014209,            0.015608,           0.0015681,            0.001717,            0.001717,            0.001717
                 253,            0.018882,            0.027623,            0.003508,              0.9717,             0.97291,             0.98845,             0.89576,            0.014276,            0.015601,           0.0015641,            0.001684,            0.001684,            0.001684
                 254,            0.018487,            0.028922,           0.0033308,             0.97454,             0.96957,             0.98811,             0.89828,            0.014165,            0.015441,           0.0015645,            0.001651,            0.001651,            0.001651
                 255,            0.018903,            0.028776,           0.0034209,             0.97518,             0.96836,             0.98805,             0.90267,            0.014079,            0.015551,           0.0015668,            0.001618,            0.001618,            0.001618
                 256,            0.018301,             0.02732,           0.0034337,             0.97374,             0.96897,             0.98821,             0.90095,            0.014064,            0.015396,           0.0015631,            0.001585,            0.001585,            0.001585
                 257,            0.018964,            0.029084,           0.0036009,             0.97185,             0.96835,             0.98754,             0.90138,            0.014002,            0.015383,           0.0015593,            0.001552,            0.001552,            0.001552
                 258,            0.018374,            0.028308,           0.0033763,             0.97549,             0.96974,             0.98856,             0.90181,            0.013978,            0.015334,           0.0015563,            0.001519,            0.001519,            0.001519
                 259,            0.017863,            0.027312,           0.0034834,             0.97577,             0.96922,             0.98846,             0.90178,            0.013966,            0.015267,           0.0015502,            0.001486,            0.001486,            0.001486
                 260,            0.018038,            0.026495,           0.0032425,             0.97538,              0.9692,             0.98841,             0.90307,            0.014031,            0.015284,           0.0015459,            0.001453,            0.001453,            0.001453
                 261,            0.017884,            0.026632,           0.0031296,             0.97435,             0.97071,             0.98869,             0.89935,            0.014046,            0.015347,           0.0015378,             0.00142,             0.00142,             0.00142
                 262,            0.018182,            0.026503,           0.0031582,             0.97304,              0.9707,             0.98816,             0.90491,             0.01387,            0.015195,           0.0015334,            0.001387,            0.001387,            0.001387
                 263,            0.018404,            0.027468,           0.0033175,             0.97303,              0.9707,             0.98836,             0.90472,            0.013925,            0.015249,            0.001532,            0.001354,            0.001354,            0.001354
                 264,             0.01796,            0.026887,           0.0032853,             0.97317,             0.96967,             0.98806,             0.90485,            0.013952,            0.015197,           0.0015304,            0.001321,            0.001321,            0.001321
                 265,             0.01814,             0.02711,           0.0032734,             0.97456,             0.96649,             0.98829,             0.90378,            0.013902,            0.015115,           0.0015322,            0.001288,            0.001288,            0.001288
                 266,            0.017636,            0.027639,           0.0031427,             0.97122,             0.96728,             0.98812,             0.90539,            0.013793,            0.014935,           0.0015277,            0.001255,            0.001255,            0.001255
                 267,            0.017632,            0.026207,           0.0031368,             0.97113,             0.96785,             0.98777,             0.90174,            0.013794,            0.014928,           0.0015224,            0.001222,            0.001222,            0.001222
                 268,            0.017785,            0.027882,           0.0031769,             0.97402,             0.96606,             0.98823,             0.90786,            0.013679,            0.014845,           0.0015165,            0.001189,            0.001189,            0.001189
                 269,            0.017518,            0.026126,           0.0033554,             0.97569,             0.96441,             0.98815,             0.90498,             0.01365,             0.01479,           0.0015154,            0.001156,            0.001156,            0.001156
                 270,            0.018085,            0.027856,           0.0032717,             0.97489,             0.96559,             0.98789,             0.90644,            0.013593,            0.014682,           0.0015141,            0.001123,            0.001123,            0.001123
                 271,            0.017838,            0.027311,            0.003159,             0.97735,             0.96407,             0.98848,             0.90734,            0.013614,            0.014675,           0.0015148,             0.00109,             0.00109,             0.00109
                 272,            0.017615,            0.026455,           0.0031257,             0.97591,             0.96538,             0.98822,             0.90761,            0.013609,            0.014694,           0.0015145,            0.001057,            0.001057,            0.001057
                 273,            0.017845,            0.025314,           0.0030707,             0.97551,             0.96676,             0.98878,             0.90643,            0.013565,            0.014688,           0.0015108,            0.001024,            0.001024,            0.001024
                 274,            0.017466,            0.025846,           0.0033442,             0.97395,             0.96798,             0.98824,             0.90766,            0.013577,            0.014754,           0.0015101,            0.000991,            0.000991,            0.000991
                 275,            0.017824,            0.026456,           0.0032032,             0.97497,             0.96773,             0.98828,             0.90787,            0.013536,            0.014584,           0.0015062,            0.000958,            0.000958,            0.000958
                 276,            0.017706,            0.026459,           0.0032724,             0.97484,             0.96777,             0.98826,             0.91158,            0.013443,            0.014473,           0.0015028,            0.000925,            0.000925,            0.000925
                 277,            0.017203,            0.026078,            0.003198,              0.9739,             0.96905,             0.98824,             0.91186,            0.013395,            0.014417,           0.0015007,            0.000892,            0.000892,            0.000892
                 278,            0.017813,            0.027372,           0.0031618,             0.97351,             0.96859,             0.98825,             0.91075,            0.013385,            0.014485,           0.0014976,            0.000859,            0.000859,            0.000859
                 279,            0.017223,            0.025872,            0.002933,             0.97452,             0.96711,               0.988,             0.90973,            0.013384,            0.014389,           0.0014947,            0.000826,            0.000826,            0.000826
                 280,            0.016891,            0.026054,           0.0029588,              0.9767,             0.96683,             0.98835,             0.91157,            0.013299,             0.01434,           0.0014944,            0.000793,            0.000793,            0.000793
                 281,            0.017484,            0.027569,           0.0031831,             0.97451,             0.97218,             0.98887,             0.91045,            0.013315,            0.014328,           0.0014941,             0.00076,             0.00076,             0.00076
                 282,            0.017893,            0.027313,           0.0031498,             0.97527,             0.97076,             0.98903,             0.90858,            0.013287,             0.01429,            0.001495,            0.000727,            0.000727,            0.000727
                 283,            0.017601,            0.026198,           0.0032528,             0.97431,             0.97158,             0.98872,             0.90754,            0.013301,            0.014336,           0.0014923,            0.000694,            0.000694,            0.000694
                 284,            0.016864,            0.025536,           0.0031495,             0.97063,             0.96614,             0.98535,             0.90916,            0.013259,            0.014256,           0.0014922,            0.000661,            0.000661,            0.000661
                 285,            0.016873,            0.026244,           0.0030158,             0.97402,             0.97188,             0.98859,             0.91245,            0.013173,            0.014175,           0.0014887,            0.000628,            0.000628,            0.000628
                 286,            0.017396,            0.025806,           0.0030852,             0.97527,             0.96979,              0.9882,             0.91243,             0.01321,            0.014209,           0.0014843,            0.000595,            0.000595,            0.000595
                 287,            0.017245,            0.026274,            0.003161,              0.9744,             0.96538,             0.98552,              0.9119,            0.013194,            0.014108,           0.0014805,            0.000562,            0.000562,            0.000562
                 288,            0.016854,             0.02508,           0.0031749,             0.97615,             0.97248,              0.9887,               0.915,            0.013121,            0.014075,           0.0014778,            0.000529,            0.000529,            0.000529
                 289,            0.017096,            0.026052,           0.0028604,             0.97313,             0.96732,             0.98595,             0.91526,             0.01308,            0.014055,           0.0014768,            0.000496,            0.000496,            0.000496
                 290,            0.017182,            0.026692,           0.0031952,             0.97279,             0.96738,             0.98651,             0.91485,            0.013055,            0.014027,           0.0014752,            0.000463,            0.000463,            0.000463
                 291,            0.016767,            0.025607,           0.0030317,             0.97593,             0.97305,             0.98909,             0.91656,            0.013025,            0.013948,           0.0014729,             0.00043,             0.00043,             0.00043
                 292,             0.01671,            0.025053,            0.002937,              0.9761,              0.9728,             0.98903,             0.91764,            0.013029,            0.013971,           0.0014715,            0.000397,            0.000397,            0.000397
                 293,            0.016974,            0.025644,           0.0032373,             0.97661,             0.97224,             0.98877,              0.9151,            0.013017,            0.013914,            0.001469,            0.000364,            0.000364,            0.000364
                 294,            0.017038,             0.02591,           0.0031117,             0.97575,             0.97172,             0.98879,             0.91416,            0.013125,            0.014032,           0.0014673,            0.000331,            0.000331,            0.000331
                 295,            0.017325,            0.025775,            0.003034,             0.97573,             0.97123,             0.98873,             0.91593,            0.013012,            0.013911,           0.0014662,            0.000298,            0.000298,            0.000298
                 296,            0.016239,            0.025067,           0.0027183,             0.97539,             0.97167,             0.98894,             0.91572,            0.013036,            0.013921,            0.001464,            0.000265,            0.000265,            0.000265
                 297,            0.017495,            0.025406,           0.0028956,             0.97471,             0.97153,              0.9888,             0.91955,            0.012965,            0.013842,           0.0014614,            0.000232,            0.000232,            0.000232
                 298,            0.017223,            0.026788,           0.0033091,             0.97495,             0.97129,             0.98881,             0.91836,            0.012944,            0.013839,           0.0014604,            0.000199,            0.000199,            0.000199
                 299,            0.015942,            0.024576,           0.0028465,             0.97576,             0.97086,             0.98872,             0.92021,            0.012893,            0.013792,           0.0014583,            0.000166,            0.000166,            0.000166
